Geracao,Periodo_nascimento,Total_Rake
Baby Boomers,1941 a 1959,38549.659999999931
Geração Y,1980 a 1995,612412.50999998138
Geração Z,1996 a 2010,93378.690000000439
Geração X,1960 a 1979,520650.77000000014
Geração Alpha,2010 até dias atuais,2.6